Gene	effect	Chrom_(GRCh37)	Start_(0-based)_(GRCh37)	End_(1-based)_(GRCh37)	Repeat_Motif	Pathogenic_Lower_Bound
VPS13D	intronic	1	12564989	12565010	GCTGGGG	100
KIF14	intronic	1	200579461	200579482	AAAATAC	100
SYT14	intronic	1	210113072	210113096	CTACCACA	100
OTOF	intronic	2	26694682	26694706	CACATGCA	100
DYSF	intronic	2	71846031	71846055	CTCCCAGG	100
ATP2B2	intronic	3	10505689	10505710	CCCCAGA	100
GRXCR1	intronic	4	42977197	42977218	CCAAAAA	100
GRIK2	intronic	6	102424776	102424800	GGAATAGT	100
ENPP1	intronic	6	132160962	132160992	TATATACAGT	100
ADCY1	intronic	7	45751692	45751716	ATTTTATA	100
ATP6V0A4	intronic	7	138403337	138403367	GAGGAATGGG	100
MCPH1	intronic	8	6452197	6452247	CTGCAGGGGA	100
MAN1B1	intronic	9	140002557	140002578	TGCCCTG	100
PCDH15	intronic	10	55654901	55654931	CCAGGAGCCC	100
PITX3	intronic	10	103991226	103991247	GGGTCCG	100
EFEMP2	intronic	11	65637737	65637758	GAGGGCA	100
TNFSF11	intronic	13	43163961	43163985	TGAATGGA	100
TECPR2	intronic	14	102829478	102829505	CCCCGACGC	100
SPG11	intronic	15	44872813	44872834	AAAATAC	100
LINGO1	intronic	15	78038939	78038960	GGCTGGG	100
CLCN7	intronic	16	1518304	1518325	GAGGGGT	100
PHKB	intronic	16	47576082	47576103	TATAAGG	100
TECR	intronic	19	14658687	14658708	GGTCTTG	100
CAMK2A	UTR3	5	149600845	149600861	AGGGAAAG	100
ST14	UTR5	11	130029786	130029800	GCGCCCC	100
LINGO1	UTR5	15	78027344	78027358	CTCAGGG	100
TOP3A	UTR3	17	18177256	18177272	TTTTTAAA	100
