#Gene	chrom	start	end	Pathogenic_Lower_Bound	Motif
GeneID,PathogenicLowerBound,Motif,MotifLength,SimulatedSize,SizeInBP,STR_Tool,Rank,STRrank,Zscore||Pval
AFF2,200,GCC,3,200,600,EHDN_Locus,1,1,53.510
AFF2,200,GCC,3,200,600,EHDN_Motif,2,1,13.080
AFF2,200,GCC,3,200,600,STRetch,1,1,2.8e-35
AFF3,300,GCC,3,300,900,EHDN_Locus,2,2,21.420
AFF3,300,GCC,3,300,900,EHDN_Motif,2,1,23.780
AFF3,300,GCC,3,300,900,STRetch,1,1,3.1e-27
ATXN3,55,CTG,3,55,165,EHDN_Locus,12,6,7.500
ATXN3,55,CTG,3,55,165,EHDN_Motif,-1,-1,-1.000
ATXN3,55,CTG,3,55,165,STRetch,7,7,2e-17
ATXN8,80,CTG,3,80,240,EHDN_Locus,5,3,10.560
ATXN8,80,CTG,3,80,240,EHDN_Motif,-1,-1,-1.000
ATXN8,80,CTG,3,80,240,STRetch,1,1,7.8e-32
ATXN10,280,ATTCT,5,280,1400,EHDN_Locus,2,2,40.730
ATXN10,280,ATTCT,5,280,1400,EHDN_Motif,1,1,43.910
ATXN10,280,ATTCT,5,280,1400,STRetch,1,1,1.1e-26
C9orf72,30,GGCCCC,6,30,180,EHDN_Locus,5,3,10.570
C9orf72,30,GGCCCC,6,30,180,EHDN_Motif,-1,-1,-1.000
C9orf72,30,GGCCCC,6,30,180,STRetch,14,14,6.3e-07
C11orf80,500,GCG,3,500,1500,EHDN_Locus,2,2,27.870
C11orf80,500,GCG,3,500,1500,EHDN_Motif,1,1,67.720
C11orf80,500,GCG,3,500,1500,STRetch,1,1,4.1e-38
CBL,500,CGG,3,500,1500,EHDN_Locus,2,2,34.300
CBL,500,CGG,3,500,1500,EHDN_Motif,1,1,79.510
CBL,500,CGG,3,500,1500,STRetch,1,1,3.4e-43
CNBP,50,CAGG,4,50,200,EHDN_Locus,2,2,30.010
CNBP,50,CAGG,4,50,200,EHDN_Motif,-1,-1,-1.000
CNBP,50,CAGG,4,50,200,STRetch,1,1,9.1e-34
CSTB,40,CGCGGGGCGGGG,12,40,480,EHDN_Locus,2,1,32.150
CSTB,40,CGCGGGGCGGGG,12,40,480,EHDN_Motif,8,2,4.290
CSTB,40,CGCGGGGCGGGG,12,40,480,STRetch,0,0,.
DIP2B,500,GGC,3,500,1500,EHDN_Locus,1,1,43.940
DIP2B,500,GGC,3,500,1500,EHDN_Motif,1,1,75.250
DIP2B,500,GGC,3,500,1500,STRetch,0,0,.
FMR1,200,CGG,3,200,600,EHDN_Locus,2,2,37.030
FMR1,200,CGG,3,200,600,EHDN_Motif,5,2,7.710
FMR1,200,CGG,3,200,600,STRetch,16,16,3.2e-07
FRA10AC1,200,CCG,3,200,600,EHDN_Locus,1,1,46.090
FRA10AC1,200,CCG,3,200,600,EHDN_Motif,4,2,9.820
FRA10AC1,200,CCG,3,200,600,STRetch,1,1,1.3e-38
FXN,66,GAA,3,66,198,EHDN_Locus,3,3,15.010
FXN,66,GAA,3,66,198,EHDN_Motif,-1,-1,-1.000
FXN,66,GAA,3,66,198,STRetch,10,10,1.1e-10
GLS,650,GCA,3,650,1950,EHDN_Locus,2,2,31.080
GLS,650,GCA,3,650,1950,EHDN_Motif,1,1,59.930
GLS,650,GCA,3,650,1950,STRetch,1,1,3.3e-37
LOC642361-NUTM2B-AS1,90,CGG,3,90,270,EHDN_Locus,-1,-1,-1.000
LOC642361-NUTM2B-AS1,90,CGG,3,90,270,EHDN_Motif,-1,-1,-1.000
LOC642361-NUTM2B-AS1,90,CGG,3,90,270,STRetch,0,0,.
LRP12,90,CCG,3,90,270,EHDN_Locus,2,2,23.580
LRP12,90,CCG,3,90,270,EHDN_Motif,-1,-1,-1.000
LRP12,90,CCG,3,90,270,STRetch,1,1,7.6e-44
NOP56,1500,GGCCTG,6,1500,9000,EHDN_Locus,1,1,42.870
NOP56,1500,GGCCTG,6,1500,9000,EHDN_Motif,1,1,583.070
NOP56,1500,GGCCTG,6,1500,9000,STRetch,1,1,5.4e-40
NOTCH2NLC-NBPF19,90,GGC,3,90,270,EHDN_Locus,-1,-1,-1.000
NOTCH2NLC-NBPF19,90,GGC,3,90,270,EHDN_Motif,-1,-1,-1.000
NOTCH2NLC-NBPF19,90,GGC,3,90,270,STRetch,0,0,.
PHOX2B,500,NGC,3,500,1500,EHDN_Locus,2,2,27.870
PHOX2B,500,NGC,3,500,1500,EHDN_Motif,-1,-1,-1.000
PHOX2B,500,NGC,3,500,1500,STRetch,1,1,9.1e-40
TMEM185A,300,GCC,3,300,900,EHDN_Locus,1,1,37.510
TMEM185A,300,GCC,3,300,900,EHDN_Motif,1,1,40.900
TMEM185A,300,GCC,3,300,900,STRetch,0,0,.
XYLT1,500,GCC,3,500,1500,EHDN_Locus,2,2,38.580
XYLT1,500,GCC,3,500,1500,EHDN_Motif,1,1,78.440
XYLT1,500,GCC,3,500,1500,STRetch,0,0,.
ZNF713,85,CGG,3,85,255,EHDN_Locus,2,2,28.940
ZNF713,85,CGG,3,85,255,EHDN_Motif,-1,-1,-1.000
ZNF713,85,CGG,3,85,255,STRetch,1,1,5.2e-42
